{
  "name": "Luxury Watch Dark Gold",
  "dataColors": [
    "#E3B505",
    "#A9BCD0",
    "#16DB65",
    "#FF595E",
    "#1B263B",
    "#0D1B2A",
    "#6C757D"
  ],
  "background": "#0D1B2A",
  "foreground": "#FFFFFF",
  "tableAccent": "#E3B505",
  "visualStyles": {
    "*": {
      "*": {
        "color": [
          {
            "solid": {
              "color": "#FFFFFF"
            }
          }
        ],
        "titleText": [
          {
            "color": {
              "solid": {
                "color": "#FFFFFF"
              }
            }
          }
        ],
        "background": [
          {
            "color": {
              "solid": {
                "color": "#0D1B2A"
              }
            },
            "transparency": 0
          }
        ]
      }
    }
  }
}